Transaction ID,Customer ID,Gender,Age,Product Category,Quantity,Price per Unit,Total Amount,Year,Month
1,CUST001,Male,34,Beauty,3,50,150,2023,November
2,CUST002,Female,26,Clothing,2,500,1000,2023,February
3,CUST003,Male,50,Electronics,1,30,30,2023,January
4,CUST004,Male,37,Clothing,1,500,500,2023,May
5,CUST005,Male,30,Beauty,2,50,100,2023,May
6,CUST006,Female,45,Beauty,1,30,30,2023,April
7,CUST007,Male,46,Clothing,2,25,50,2023,March
8,CUST008,Male,30,Electronics,4,25,100,2023,February
9,CUST009,Male,63,Electronics,2,300,600,2023,December
10,CUST010,Female,52,Clothing,4,50,200,2023,October
11,CUST011,Male,23,Clothing,2,50,100,2023,February
12,CUST012,Male,35,Beauty,3,25,75,2023,October
13,CUST013,Male,22,Electronics,3,500,1500,2023,August
14,CUST014,Male,64,Clothing,4,30,120,2023,January
15,CUST015,Female,42,Electronics,4,500,2000,2023,January
16,CUST016,Male,19,Clothing,3,500,1500,2023,February
17,CUST017,Female,27,Clothing,4,25,100,2023,April
18,CUST018,Female,47,Electronics,2,25,50,2023,April
19,CUST019,Female,62,Clothing,2,25,50,2023,September
20,CUST020,Male,22,Clothing,3,300,900,2023,November
21,CUST021,Female,50,Beauty,1,500,500,2023,January
22,CUST022,Male,18,Clothing,2,50,100,2023,October
23,CUST023,Female,35,Clothing,4,30,120,2023,April
24,CUST024,Female,49,Clothing,1,300,300,2023,November
25,CUST025,Female,64,Beauty,1,50,50,2023,December
26,CUST026,Female,28,Electronics,2,500,1000,2023,October
27,CUST027,Female,38,Beauty,2,25,50,2023,August
28,CUST028,Female,43,Beauty,1,500,500,2023,April
29,CUST029,Female,42,Electronics,1,30,30,2023,August
30,CUST030,Female,39,Beauty,3,300,900,2023,October
31,CUST031,Male,44,Electronics,4,300,1200,2023,May
32,CUST032,Male,30,Beauty,3,30,90,2023,January
33,CUST033,Female,50,Electronics,2,50,100,2023,March
34,CUST034,Female,51,Clothing,3,50,150,2023,December
35,CUST035,Female,58,Beauty,3,300,900,2023,August
36,CUST036,Male,52,Beauty,3,300,900,2023,June
37,CUST037,Female,18,Beauty,3,25,75,2023,May
38,CUST038,Male,38,Beauty,4,50,200,2023,March
39,CUST039,Male,23,Clothing,4,30,120,2023,April
40,CUST040,Male,45,Beauty,1,50,50,2023,June
41,CUST041,Male,34,Clothing,2,25,50,2023,February
42,CUST042,Male,22,Clothing,3,300,900,2023,February
43,CUST043,Female,48,Clothing,1,300,300,2023,July
44,CUST044,Female,22,Clothing,1,25,25,2023,February
45,CUST045,Female,55,Electronics,1,30,30,2023,July
46,CUST046,Female,20,Electronics,4,300,1200,2023,June
47,CUST047,Female,40,Beauty,3,500,1500,2023,November
48,CUST048,Male,54,Electronics,3,300,900,2023,May
49,CUST049,Female,54,Electronics,2,500,1000,2023,January
50,CUST050,Female,27,Beauty,3,25,75,2023,August
51,CUST051,Male,27,Beauty,3,25,75,2023,October
52,CUST052,Female,36,Beauty,1,300,300,2023,March
53,CUST053,Male,34,Electronics,2,50,100,2023,July
54,CUST054,Female,38,Electronics,3,500,1500,2023,February
55,CUST055,Male,31,Beauty,4,30,120,2023,October
56,CUST056,Female,26,Clothing,3,300,900,2023,May
57,CUST057,Female,63,Beauty,1,30,30,2023,November
58,CUST058,Male,18,Clothing,4,300,1200,2023,November
59,CUST059,Male,62,Clothing,1,50,50,2023,July
60,CUST060,Male,30,Beauty,3,50,150,2023,October
61,CUST061,Male,21,Beauty,4,50,200,2023,April
62,CUST062,Male,18,Beauty,2,50,100,2023,December
63,CUST063,Male,57,Electronics,2,25,50,2023,February
64,CUST064,Male,49,Clothing,4,25,100,2023,January
65,CUST065,Male,51,Electronics,4,500,2000,2023,December
66,CUST066,Female,45,Electronics,1,30,30,2023,April
67,CUST067,Female,48,Beauty,4,300,1200,2023,May
68,CUST068,Male,25,Electronics,1,300,300,2023,February
69,CUST069,Female,56,Beauty,3,25,75,2023,April
70,CUST070,Female,43,Clothing,1,300,300,2023,February
71,CUST071,Female,51,Beauty,4,25,100,2023,July
72,CUST072,Female,20,Electronics,4,500,2000,2023,May
73,CUST073,Male,29,Electronics,3,30,90,2023,August
74,CUST074,Female,18,Beauty,4,500,2000,2023,November
75,CUST075,Male,61,Beauty,4,50,200,2023,July
76,CUST076,Female,22,Electronics,2,50,100,2023,March
77,CUST077,Female,47,Clothing,2,50,100,2023,July
78,CUST078,Female,47,Clothing,3,500,1500,2023,July
79,CUST079,Male,34,Beauty,1,300,300,2023,April
80,CUST080,Female,64,Clothing,2,30,60,2023,December
81,CUST081,Male,40,Electronics,1,50,50,2023,May
82,CUST082,Female,32,Beauty,4,50,200,2023,December
83,CUST083,Male,54,Electronics,2,50,100,2023,December
84,CUST084,Female,38,Electronics,3,30,90,2023,November
85,CUST085,Male,31,Clothing,3,50,150,2023,February
86,CUST086,Male,19,Beauty,3,30,90,2023,November
87,CUST087,Female,28,Beauty,2,50,100,2023,November
88,CUST088,Male,56,Clothing,1,500,500,2023,March
89,CUST089,Female,55,Electronics,4,500,2000,2023,October
90,CUST090,Female,51,Electronics,1,30,30,2023,May
91,CUST091,Female,55,Electronics,1,500,500,2023,March
92,CUST092,Female,51,Electronics,4,30,120,2023,August
93,CUST093,Female,35,Beauty,4,500,2000,2023,July
94,CUST094,Female,47,Beauty,2,500,1000,2023,May
95,CUST095,Female,32,Clothing,2,30,60,2023,November
96,CUST096,Female,44,Clothing,2,300,600,2023,December
97,CUST097,Female,51,Beauty,2,500,1000,2023,October
98,CUST098,Female,55,Beauty,2,50,100,2023,April
99,CUST099,Female,50,Electronics,4,300,1200,2023,December
100,CUST100,Male,41,Electronics,1,30,30,2023,June
101,CUST101,Male,32,Clothing,2,300,600,2023,January
102,CUST102,Female,47,Beauty,2,25,50,2023,April
103,CUST103,Female,59,Clothing,1,25,25,2023,January
104,CUST104,Female,34,Beauty,2,500,1000,2023,June
105,CUST105,Female,22,Electronics,1,500,500,2023,July
106,CUST106,Female,46,Clothing,1,50,50,2023,May
107,CUST107,Female,21,Clothing,4,300,1200,2023,February
108,CUST108,Female,27,Beauty,3,25,75,2023,April
109,CUST109,Female,34,Electronics,4,500,2000,2023,October
110,CUST110,Male,27,Clothing,3,300,900,2023,June
111,CUST111,Female,34,Electronics,3,500,1500,2023,April
112,CUST112,Male,37,Clothing,3,500,1500,2023,December
113,CUST113,Female,41,Electronics,2,25,50,2023,September
114,CUST114,Female,22,Beauty,4,25,100,2023,July
115,CUST115,Male,51,Clothing,3,500,1500,2023,November
116,CUST116,Female,23,Clothing,1,30,30,2023,August
117,CUST117,Male,19,Electronics,2,500,1000,2023,March
118,CUST118,Female,30,Electronics,4,500,2000,2023,May
119,CUST119,Female,60,Clothing,3,50,150,2023,March
120,CUST120,Male,60,Beauty,1,50,50,2023,May
121,CUST121,Female,28,Electronics,4,50,200,2023,October
122,CUST122,Male,64,Electronics,4,30,120,2023,October
123,CUST123,Female,40,Electronics,2,30,60,2023,May
124,CUST124,Male,33,Clothing,4,500,2000,2023,October
125,CUST125,Male,48,Clothing,2,50,100,2023,August
126,CUST126,Female,28,Clothing,3,30,90,2023,October
127,CUST127,Female,33,Clothing,2,25,50,2023,July
128,CUST128,Male,25,Beauty,1,500,500,2023,July
129,CUST129,Female,21,Beauty,2,300,600,2023,April
130,CUST130,Female,57,Clothing,1,500,500,2023,March
131,CUST131,Female,21,Beauty,2,300,600,2023,September
132,CUST132,Male,42,Electronics,4,50,200,2023,September
133,CUST133,Male,20,Electronics,3,300,900,2023,February
134,CUST134,Male,49,Electronics,1,50,50,2023,January
135,CUST135,Male,20,Clothing,2,25,50,2023,February
136,CUST136,Male,44,Electronics,2,300,600,2023,March
137,CUST137,Male,46,Beauty,2,500,1000,2023,November
138,CUST138,Male,49,Clothing,4,50,200,2023,March
139,CUST139,Male,36,Beauty,4,500,2000,2023,December
140,CUST140,Male,38,Electronics,1,30,30,2023,August
141,CUST141,Female,22,Electronics,1,50,50,2023,November
142,CUST142,Male,35,Electronics,4,300,1200,2023,February
143,CUST143,Female,45,Clothing,1,50,50,2023,July
144,CUST144,Female,59,Beauty,3,500,1500,2023,July
145,CUST145,Female,39,Clothing,3,25,75,2023,November
146,CUST146,Male,38,Clothing,4,50,200,2023,August
147,CUST147,Male,23,Electronics,1,300,300,2023,September
148,CUST148,Male,18,Clothing,2,30,60,2023,May
149,CUST149,Male,22,Clothing,3,25,75,2023,October
150,CUST150,Female,58,Electronics,4,30,120,2023,January
151,CUST151,Male,29,Clothing,1,50,50,2023,December
152,CUST152,Male,43,Electronics,4,500,2000,2023,February
153,CUST153,Male,63,Electronics,2,500,1000,2023,December
154,CUST154,Male,51,Electronics,3,300,900,2023,October
155,CUST155,Male,31,Electronics,4,500,2000,2023,May
156,CUST156,Female,43,Clothing,4,25,100,2023,November
157,CUST157,Male,62,Electronics,4,500,2000,2023,June
158,CUST158,Female,44,Electronics,2,300,600,2023,February
159,CUST159,Male,26,Clothing,4,50,200,2023,May
160,CUST160,Female,43,Clothing,2,50,100,2023,August
161,CUST161,Male,64,Beauty,2,500,1000,2023,March
162,CUST162,Male,39,Clothing,2,30,60,2023,August
163,CUST163,Female,64,Clothing,3,50,150,2023,January
164,CUST164,Female,47,Beauty,3,500,1500,2023,May
165,CUST165,Female,60,Clothing,4,300,1200,2023,September
166,CUST166,Male,34,Clothing,4,500,2000,2023,April
167,CUST167,Female,43,Clothing,3,50,150,2023,September
168,CUST168,Male,53,Clothing,1,300,300,2023,February
169,CUST169,Male,18,Beauty,3,500,1500,2023,November
170,CUST170,Female,25,Clothing,2,25,50,2023,June
171,CUST171,Female,52,Clothing,3,300,900,2023,November
172,CUST172,Male,32,Beauty,2,25,50,2023,September
173,CUST173,Male,64,Electronics,4,30,120,2023,November
174,CUST174,Female,39,Beauty,1,300,300,2023,April
175,CUST175,Female,31,Electronics,4,25,100,2023,March
176,CUST176,Female,43,Beauty,2,50,100,2023,July
177,CUST177,Male,45,Beauty,2,50,100,2023,March
178,CUST178,Male,40,Clothing,2,30,60,2023,October
179,CUST179,Male,31,Electronics,1,300,300,2023,September
180,CUST180,Male,41,Clothing,3,300,900,2023,January
181,CUST181,Male,19,Electronics,4,300,1200,2023,November
182,CUST182,Male,62,Beauty,4,30,120,2023,June
183,CUST183,Female,43,Beauty,3,300,900,2023,September
184,CUST184,Male,31,Electronics,4,50,200,2023,January
185,CUST185,Male,24,Clothing,1,25,25,2023,February
186,CUST186,Male,20,Clothing,4,50,200,2023,July
187,CUST187,Female,64,Clothing,2,50,100,2023,June
188,CUST188,Male,40,Clothing,3,25,75,2023,May
189,CUST189,Male,63,Beauty,1,50,50,2023,January
190,CUST190,Female,60,Beauty,3,30,90,2023,May
191,CUST191,Male,64,Beauty,1,25,25,2023,October
192,CUST192,Male,62,Beauty,2,50,100,2023,February
193,CUST193,Male,35,Beauty,3,500,1500,2023,February
194,CUST194,Male,55,Clothing,4,50,200,2023,September
195,CUST195,Male,52,Clothing,1,30,30,2023,February
196,CUST196,Female,32,Clothing,3,300,900,2023,September
197,CUST197,Female,42,Clothing,4,50,200,2023,March
198,CUST198,Female,54,Beauty,3,300,900,2023,March
199,CUST199,Male,45,Beauty,3,500,1500,2023,December
200,CUST200,Male,27,Beauty,3,50,150,2023,September
201,CUST201,Male,56,Electronics,1,25,25,2023,October
202,CUST202,Female,34,Clothing,4,300,1200,2023,March
203,CUST203,Male,56,Clothing,2,500,1000,2023,May
204,CUST204,Male,39,Beauty,1,25,25,2023,September
205,CUST205,Female,43,Clothing,1,25,25,2023,November
206,CUST206,Male,61,Clothing,1,25,25,2023,August
207,CUST207,Female,42,Beauty,2,25,50,2023,April
208,CUST208,Female,34,Electronics,4,50,200,2023,October
209,CUST209,Female,30,Electronics,4,50,200,2023,December
210,CUST210,Male,37,Electronics,4,50,200,2023,April
211,CUST211,Male,42,Beauty,3,500,1500,2024,January
212,CUST212,Male,21,Clothing,3,500,1500,2023,June
213,CUST213,Male,27,Beauty,3,500,1500,2023,July
214,CUST214,Male,20,Beauty,2,30,60,2023,December
215,CUST215,Male,58,Clothing,3,500,1500,2023,November
216,CUST216,Male,62,Electronics,2,50,100,2023,July
217,CUST217,Female,35,Electronics,4,50,200,2023,August
218,CUST218,Male,64,Beauty,3,30,90,2023,September
219,CUST219,Female,53,Electronics,3,30,90,2023,August
220,CUST220,Male,64,Beauty,1,500,500,2023,March
221,CUST221,Male,39,Beauty,2,300,600,2023,May
222,CUST222,Male,51,Clothing,4,30,120,2023,April
223,CUST223,Female,64,Clothing,1,25,25,2023,February
224,CUST224,Female,25,Clothing,1,50,50,2023,June
225,CUST225,Female,57,Beauty,4,25,100,2023,January
226,CUST226,Female,61,Clothing,1,50,50,2023,October
227,CUST227,Male,36,Electronics,2,50,100,2023,October
228,CUST228,Female,59,Electronics,2,30,60,2023,April
229,CUST229,Male,58,Beauty,3,30,90,2023,October
230,CUST230,Male,54,Beauty,1,25,25,2023,April
231,CUST231,Female,23,Clothing,3,50,150,2023,January
232,CUST232,Female,43,Beauty,1,25,25,2023,February
233,CUST233,Female,51,Beauty,2,300,600,2023,December
234,CUST234,Female,62,Electronics,2,25,50,2023,November
235,CUST235,Female,23,Electronics,2,500,1000,2023,January
236,CUST236,Female,54,Clothing,1,25,25,2023,April
237,CUST237,Female,50,Beauty,2,500,1000,2023,February
238,CUST238,Female,39,Beauty,1,500,500,2023,January
239,CUST239,Male,38,Electronics,3,500,1500,2023,June
240,CUST240,Female,23,Beauty,1,300,300,2023,February
241,CUST241,Female,23,Electronics,3,25,75,2023,September
242,CUST242,Male,21,Clothing,1,25,25,2023,May
243,CUST243,Female,47,Electronics,3,300,900,2023,May
244,CUST244,Male,28,Beauty,2,50,100,2023,December
245,CUST245,Male,47,Clothing,3,30,90,2023,September
246,CUST246,Female,48,Electronics,2,25,50,2023,April
247,CUST247,Male,41,Electronics,2,30,60,2023,October
248,CUST248,Male,26,Clothing,3,300,900,2023,March
249,CUST249,Male,20,Clothing,1,50,50,2023,October
250,CUST250,Male,48,Electronics,1,50,50,2023,October
251,CUST251,Female,57,Beauty,4,50,200,2023,August
252,CUST252,Male,54,Electronics,1,300,300,2023,May
253,CUST253,Female,53,Clothing,4,500,2000,2023,August
254,CUST254,Male,41,Electronics,1,500,500,2023,July
255,CUST255,Male,48,Clothing,1,30,30,2023,April
256,CUST256,Male,23,Clothing,2,500,1000,2023,February
257,CUST257,Male,19,Beauty,4,500,2000,2023,February
258,CUST258,Female,37,Clothing,1,50,50,2023,December
259,CUST259,Female,45,Clothing,4,50,200,2023,August
260,CUST260,Male,28,Beauty,2,30,60,2023,July
261,CUST261,Male,21,Clothing,2,25,50,2023,August
262,CUST262,Female,32,Beauty,4,30,120,2023,July
263,CUST263,Male,23,Beauty,2,30,60,2023,August
264,CUST264,Male,47,Clothing,3,300,900,2023,January
265,CUST265,Male,55,Clothing,3,300,900,2023,December
266,CUST266,Female,19,Electronics,2,30,60,2023,December
267,CUST267,Female,32,Beauty,3,30,90,2023,November
268,CUST268,Female,28,Electronics,1,30,30,2023,February
269,CUST269,Male,25,Clothing,4,500,2000,2023,February
270,CUST270,Male,43,Electronics,1,300,300,2023,July
271,CUST271,Female,62,Beauty,4,30,120,2023,June
272,CUST272,Female,61,Electronics,2,50,100,2023,February
273,CUST273,Female,22,Beauty,1,50,50,2023,May
274,CUST274,Female,23,Clothing,2,500,1000,2023,April
275,CUST275,Male,43,Clothing,2,500,1000,2023,April
276,CUST276,Female,21,Beauty,4,25,100,2023,October
277,CUST277,Male,36,Clothing,4,25,100,2023,August
278,CUST278,Female,37,Clothing,4,25,100,2023,March
279,CUST279,Male,50,Clothing,1,500,500,2023,August
280,CUST280,Female,37,Clothing,3,500,1500,2023,April
281,CUST281,Female,29,Beauty,4,500,2000,2023,May
282,CUST282,Female,64,Electronics,4,50,200,2023,August
283,CUST283,Female,18,Electronics,1,500,500,2023,May
284,CUST284,Male,43,Clothing,4,50,200,2023,February
285,CUST285,Female,31,Electronics,1,25,25,2023,August
286,CUST286,Male,55,Electronics,2,25,50,2023,October
287,CUST287,Male,54,Clothing,4,25,100,2023,February
288,CUST288,Male,28,Clothing,4,30,120,2023,January
289,CUST289,Male,53,Electronics,2,30,60,2023,November
290,CUST290,Female,30,Beauty,2,300,600,2023,October
291,CUST291,Male,60,Clothing,2,300,600,2023,January
292,CUST292,Male,20,Beauty,4,300,1200,2023,February
293,CUST293,Male,50,Electronics,3,30,90,2023,May
294,CUST294,Female,23,Clothing,3,30,90,2023,March
295,CUST295,Female,27,Beauty,3,300,900,2023,July
296,CUST296,Female,22,Clothing,4,300,1200,2023,September
297,CUST297,Female,40,Electronics,2,500,1000,2023,September
298,CUST298,Male,27,Beauty,4,300,1200,2023,April
299,CUST299,Male,61,Electronics,2,500,1000,2023,July
300,CUST300,Female,19,Electronics,4,50,200,2023,January
301,CUST301,Male,30,Clothing,4,30,120,2023,March
302,CUST302,Male,57,Beauty,2,300,600,2023,July
303,CUST303,Male,19,Electronics,3,30,90,2023,January
304,CUST304,Female,37,Electronics,2,30,60,2023,July
305,CUST305,Female,18,Beauty,1,30,30,2023,May
306,CUST306,Male,54,Electronics,1,50,50,2023,August
307,CUST307,Female,26,Electronics,2,25,50,2023,May
308,CUST308,Female,34,Beauty,4,300,1200,2023,August
309,CUST309,Female,26,Beauty,1,25,25,2023,December
310,CUST310,Female,28,Beauty,1,25,25,2023,October
311,CUST311,Female,32,Beauty,4,25,100,2023,December
312,CUST312,Male,41,Clothing,4,30,120,2023,September
313,CUST313,Female,55,Beauty,3,500,1500,2023,March
314,CUST314,Male,52,Clothing,4,30,120,2023,April
315,CUST315,Male,47,Clothing,2,30,60,2023,June
316,CUST316,Female,48,Clothing,2,25,50,2023,April
317,CUST317,Male,22,Electronics,3,30,90,2023,January
318,CUST318,Male,61,Clothing,1,25,25,2023,October
319,CUST319,Male,31,Clothing,1,500,500,2023,October
320,CUST320,Female,28,Electronics,4,300,1200,2023,February
321,CUST321,Female,26,Electronics,2,25,50,2023,June
322,CUST322,Male,51,Electronics,1,500,500,2023,January
323,CUST323,Female,29,Beauty,3,300,900,2023,January
324,CUST324,Female,52,Electronics,3,50,150,2023,October
325,CUST325,Female,52,Electronics,2,25,50,2023,September
326,CUST326,Female,18,Clothing,3,25,75,2023,September
327,CUST327,Male,57,Electronics,3,50,150,2023,September
328,CUST328,Male,39,Beauty,2,50,100,2023,March
329,CUST329,Female,46,Electronics,4,25,100,2023,January
330,CUST330,Female,25,Beauty,4,50,200,2023,September
331,CUST331,Male,28,Electronics,3,30,90,2023,February
332,CUST332,Male,58,Electronics,4,300,1200,2023,April
333,CUST333,Female,54,Electronics,4,300,1200,2023,February
334,CUST334,Male,31,Electronics,3,300,900,2023,November
335,CUST335,Female,47,Beauty,4,30,120,2023,February
336,CUST336,Female,52,Beauty,3,50,150,2023,December
337,CUST337,Male,38,Clothing,1,500,500,2023,May
338,CUST338,Male,54,Beauty,2,50,100,2023,July
339,CUST339,Female,22,Electronics,2,25,50,2023,March
340,CUST340,Female,36,Clothing,4,300,1200,2023,October
341,CUST341,Male,31,Clothing,4,50,200,2023,May
342,CUST342,Female,43,Clothing,4,500,2000,2023,October
343,CUST343,Male,21,Electronics,2,25,50,2023,November
344,CUST344,Female,42,Beauty,1,30,30,2023,January
345,CUST345,Male,62,Electronics,1,30,30,2023,November
346,CUST346,Male,59,Clothing,2,500,1000,2023,February
347,CUST347,Male,42,Electronics,1,25,25,2023,August
348,CUST348,Female,35,Electronics,2,300,600,2023,December
349,CUST349,Female,57,Beauty,1,50,50,2023,October
350,CUST350,Male,25,Beauty,3,25,75,2023,October
351,CUST351,Female,56,Clothing,3,30,90,2023,September
352,CUST352,Male,57,Electronics,2,500,1000,2023,June
353,CUST353,Male,31,Electronics,1,500,500,2023,May
354,CUST354,Female,49,Beauty,4,50,200,2023,April
355,CUST355,Female,55,Electronics,1,500,500,2023,December
356,CUST356,Male,50,Electronics,3,500,1500,2023,June
357,CUST357,Female,40,Electronics,3,25,75,2023,May
358,CUST358,Female,32,Beauty,1,300,300,2023,May
359,CUST359,Male,50,Clothing,1,50,50,2023,July
360,CUST360,Male,42,Clothing,4,25,100,2023,March
361,CUST361,Female,34,Electronics,4,300,1200,2023,December
362,CUST362,Male,50,Clothing,1,25,25,2023,November
363,CUST363,Male,64,Beauty,1,25,25,2023,June
364,CUST364,Female,19,Beauty,1,500,500,2023,August
365,CUST365,Male,31,Clothing,1,300,300,2023,June
366,CUST366,Male,57,Clothing,2,50,100,2023,February
367,CUST367,Female,57,Electronics,1,50,50,2023,January
368,CUST368,Female,56,Clothing,4,300,1200,2023,August
369,CUST369,Male,23,Electronics,3,500,1500,2023,November
370,CUST370,Male,23,Electronics,2,30,60,2023,October
371,CUST371,Female,20,Beauty,1,25,25,2023,February
372,CUST372,Female,24,Beauty,3,500,1500,2023,February
373,CUST373,Female,25,Beauty,2,300,600,2023,October
374,CUST374,Female,59,Beauty,3,25,75,2023,April
375,CUST375,Male,32,Clothing,1,50,50,2023,September
376,CUST376,Female,64,Beauty,1,30,30,2023,May
377,CUST377,Female,46,Clothing,4,50,200,2023,March
378,CUST378,Male,50,Beauty,1,300,300,2023,June
379,CUST379,Female,47,Clothing,1,25,25,2023,February
380,CUST380,Male,56,Electronics,2,300,600,2023,May
381,CUST381,Female,44,Clothing,4,25,100,2023,July
382,CUST382,Female,53,Clothing,2,500,1000,2023,May
383,CUST383,Female,46,Beauty,3,30,90,2023,March
384,CUST384,Male,55,Clothing,1,500,500,2023,August
385,CUST385,Male,50,Electronics,3,500,1500,2023,October
386,CUST386,Female,54,Electronics,2,300,600,2023,December
387,CUST387,Male,44,Beauty,1,30,30,2023,June
388,CUST388,Male,50,Electronics,1,25,25,2023,November
389,CUST389,Male,21,Clothing,2,25,50,2023,December
390,CUST390,Male,39,Electronics,2,50,100,2023,September
391,CUST391,Male,19,Beauty,2,25,50,2023,January
392,CUST392,Male,27,Clothing,2,300,600,2023,December
393,CUST393,Female,22,Beauty,2,500,1000,2023,October
394,CUST394,Female,27,Clothing,1,500,500,2023,June
395,CUST395,Male,50,Electronics,2,500,1000,2023,December
396,CUST396,Female,55,Beauty,1,30,30,2023,February
397,CUST397,Female,30,Beauty,1,25,25,2023,March
398,CUST398,Female,48,Clothing,2,300,600,2023,May
399,CUST399,Female,64,Beauty,2,30,60,2023,March
400,CUST400,Male,53,Clothing,4,50,200,2023,February
401,CUST401,Female,62,Clothing,1,300,300,2023,October
402,CUST402,Female,41,Clothing,2,300,600,2023,March
403,CUST403,Male,32,Clothing,2,300,600,2023,May
404,CUST404,Male,46,Electronics,2,500,1000,2023,May
405,CUST405,Female,25,Clothing,4,300,1200,2023,November
406,CUST406,Female,22,Beauty,4,25,100,2023,April
407,CUST407,Female,46,Electronics,3,300,900,2023,June
408,CUST408,Female,64,Beauty,1,500,500,2023,April
409,CUST409,Female,21,Electronics,3,300,900,2023,December
410,CUST410,Female,29,Clothing,2,50,100,2023,November
411,CUST411,Male,62,Electronics,4,50,200,2023,May
412,CUST412,Female,19,Electronics,4,500,2000,2023,September
413,CUST413,Female,44,Beauty,3,25,75,2023,September
414,CUST414,Male,48,Beauty,4,25,100,2023,May
415,CUST415,Male,53,Clothing,2,30,60,2023,January
416,CUST416,Male,53,Electronics,4,500,2000,2023,February
417,CUST417,Male,43,Electronics,3,300,900,2023,November
418,CUST418,Female,60,Electronics,2,500,1000,2023,August
419,CUST419,Female,44,Clothing,3,30,90,2023,May
420,CUST420,Female,22,Clothing,4,500,2000,2023,January
421,CUST421,Female,37,Clothing,3,500,1500,2023,January
422,CUST422,Female,28,Clothing,3,30,90,2023,June
423,CUST423,Female,27,Clothing,1,25,25,2023,March
424,CUST424,Male,57,Beauty,4,300,1200,2023,November
425,CUST425,Female,55,Electronics,4,30,120,2023,May
426,CUST426,Male,23,Electronics,3,50,150,2023,March
427,CUST427,Male,25,Electronics,1,25,25,2023,August
428,CUST428,Female,40,Electronics,4,50,200,2023,October
429,CUST429,Male,64,Electronics,2,25,50,2023,December
430,CUST430,Female,43,Electronics,3,300,900,2023,August
431,CUST431,Male,63,Electronics,4,300,1200,2023,October
432,CUST432,Female,60,Electronics,2,500,1000,2023,January
433,CUST433,Male,29,Beauty,4,50,200,2023,February
434,CUST434,Female,43,Electronics,2,25,50,2023,February
435,CUST435,Female,30,Beauty,3,300,900,2023,December
436,CUST436,Female,57,Clothing,4,30,120,2023,March
437,CUST437,Female,35,Electronics,4,300,1200,2023,October
438,CUST438,Female,42,Clothing,1,30,30,2023,January
439,CUST439,Male,50,Clothing,3,25,75,2023,July
440,CUST440,Male,64,Clothing,2,300,600,2023,October
441,CUST441,Male,57,Beauty,4,300,1200,2023,October
442,CUST442,Female,60,Clothing,4,25,100,2023,March
443,CUST443,Male,29,Clothing,2,300,600,2023,August
444,CUST444,Female,61,Clothing,3,30,90,2023,March
445,CUST445,Female,53,Electronics,1,300,300,2023,January
446,CUST446,Male,21,Electronics,1,50,50,2023,June
447,CUST447,Male,22,Beauty,4,500,2000,2023,July
448,CUST448,Female,54,Beauty,2,30,60,2023,January
449,CUST449,Male,25,Electronics,4,50,200,2023,July
450,CUST450,Female,59,Beauty,2,25,50,2023,April
451,CUST451,Female,45,Electronics,1,30,30,2023,December
452,CUST452,Female,48,Clothing,3,500,1500,2023,May
453,CUST453,Female,26,Clothing,2,500,1000,2023,December
454,CUST454,Female,46,Beauty,1,25,25,2023,February
455,CUST455,Male,31,Electronics,4,25,100,2023,July
456,CUST456,Male,57,Electronics,2,30,60,2023,October
457,CUST457,Female,58,Beauty,3,300,900,2023,July
458,CUST458,Female,39,Electronics,4,25,100,2023,November
459,CUST459,Male,28,Clothing,4,300,1200,2023,March
460,CUST460,Male,40,Beauty,1,50,50,2023,May
461,CUST461,Female,18,Beauty,2,500,1000,2023,March
462,CUST462,Male,63,Electronics,4,300,1200,2023,April
463,CUST463,Female,54,Beauty,3,500,1500,2023,July
464,CUST464,Male,38,Electronics,2,300,600,2023,January
465,CUST465,Female,43,Electronics,3,50,150,2023,April
466,CUST466,Male,63,Electronics,4,25,100,2023,June
467,CUST467,Female,53,Electronics,3,50,150,2023,July
468,CUST468,Male,40,Electronics,1,25,25,2023,December
469,CUST469,Male,18,Beauty,3,25,75,2023,May
470,CUST470,Female,57,Clothing,2,500,1000,2023,May
471,CUST471,Male,32,Clothing,3,50,150,2023,March
472,CUST472,Female,38,Beauty,3,300,900,2023,December
473,CUST473,Male,64,Beauty,1,50,50,2023,February
474,CUST474,Female,26,Clothing,3,500,1500,2023,July
475,CUST475,Male,26,Clothing,3,25,75,2023,January
476,CUST476,Female,27,Clothing,4,500,2000,2023,August
477,CUST477,Male,43,Clothing,4,30,120,2023,April
478,CUST478,Female,58,Clothing,2,30,60,2023,April
479,CUST479,Male,52,Electronics,4,300,1200,2023,August
480,CUST480,Female,42,Beauty,4,500,2000,2023,June
481,CUST481,Female,43,Electronics,4,300,1200,2023,June
482,CUST482,Female,28,Clothing,4,300,1200,2023,April
483,CUST483,Male,55,Clothing,1,30,30,2023,April
484,CUST484,Female,19,Clothing,4,300,1200,2023,January
485,CUST485,Male,24,Electronics,1,30,30,2023,December
486,CUST486,Female,35,Electronics,1,25,25,2023,April
487,CUST487,Male,44,Clothing,4,500,2000,2023,July
488,CUST488,Female,51,Electronics,3,300,900,2023,June
489,CUST489,Male,44,Electronics,1,30,30,2023,May
490,CUST490,Male,34,Clothing,3,50,150,2023,February
491,CUST491,Female,60,Electronics,3,300,900,2023,May
492,CUST492,Male,61,Beauty,4,25,100,2023,June
493,CUST493,Male,41,Beauty,2,25,50,2023,November
494,CUST494,Female,42,Beauty,4,50,200,2023,September
495,CUST495,Male,24,Beauty,2,30,60,2023,July
496,CUST496,Male,23,Clothing,2,300,600,2023,December
497,CUST497,Male,41,Clothing,4,30,120,2023,October
498,CUST498,Female,50,Clothing,4,25,100,2023,June
499,CUST499,Male,46,Beauty,2,30,60,2023,January
500,CUST500,Female,60,Beauty,4,25,100,2023,March
501,CUST501,Male,39,Electronics,2,30,60,2023,May
502,CUST502,Male,43,Electronics,3,50,150,2023,April
503,CUST503,Male,45,Beauty,4,500,2000,2023,October
504,CUST504,Female,38,Beauty,3,50,150,2023,May
505,CUST505,Male,24,Beauty,1,50,50,2023,January
506,CUST506,Male,34,Beauty,3,500,1500,2023,February
507,CUST507,Female,37,Electronics,3,500,1500,2023,November
508,CUST508,Male,58,Beauty,2,300,600,2023,August
509,CUST509,Female,37,Electronics,3,300,900,2023,June
510,CUST510,Female,39,Beauty,4,50,200,2023,June
511,CUST511,Male,45,Beauty,2,50,100,2023,August
512,CUST512,Female,57,Beauty,1,25,25,2023,November
513,CUST513,Male,24,Electronics,4,25,100,2023,September
514,CUST514,Female,18,Electronics,1,300,300,2023,March
515,CUST515,Female,49,Clothing,3,300,900,2023,July
516,CUST516,Male,30,Beauty,4,25,100,2023,October
517,CUST517,Female,47,Clothing,4,25,100,2023,April
518,CUST518,Female,40,Clothing,1,30,30,2023,May
519,CUST519,Female,36,Electronics,4,30,120,2023,January
520,CUST520,Female,49,Electronics,4,25,100,2023,December
521,CUST521,Female,47,Clothing,4,30,120,2023,August
522,CUST522,Male,46,Beauty,3,500,1500,2023,January
523,CUST523,Female,62,Electronics,1,300,300,2023,September
524,CUST524,Male,46,Beauty,4,300,1200,2023,October
525,CUST525,Female,47,Beauty,2,25,50,2023,December
526,CUST526,Male,33,Clothing,2,50,100,2023,December
527,CUST527,Male,57,Clothing,2,25,50,2023,April
528,CUST528,Female,36,Clothing,2,30,60,2023,July
529,CUST529,Female,35,Clothing,3,50,150,2023,August
530,CUST530,Female,18,Electronics,4,30,120,2023,February
531,CUST531,Male,31,Electronics,1,500,500,2023,December
532,CUST532,Female,64,Clothing,4,30,120,2023,June
533,CUST533,Male,19,Electronics,3,500,1500,2023,November
534,CUST534,Male,45,Clothing,2,500,1000,2023,June
535,CUST535,Male,47,Beauty,3,30,90,2023,December
536,CUST536,Female,55,Beauty,4,30,120,2023,March
537,CUST537,Female,21,Beauty,1,500,500,2023,June
538,CUST538,Male,18,Clothing,3,50,150,2023,September
539,CUST539,Male,25,Beauty,1,500,500,2023,June
540,CUST540,Female,46,Electronics,3,300,900,2023,December
541,CUST541,Male,56,Beauty,1,500,500,2023,July
542,CUST542,Female,20,Beauty,1,50,50,2023,June
543,CUST543,Male,49,Beauty,2,300,600,2023,July
544,CUST544,Female,27,Electronics,1,25,25,2023,December
545,CUST545,Male,27,Clothing,2,25,50,2023,June
546,CUST546,Female,36,Electronics,4,50,200,2023,October
547,CUST547,Male,63,Clothing,4,500,2000,2023,March
548,CUST548,Female,51,Clothing,2,30,60,2023,April
549,CUST549,Female,50,Beauty,2,50,100,2023,August
550,CUST550,Male,40,Clothing,3,300,900,2023,December
551,CUST551,Male,45,Electronics,3,300,900,2023,July
552,CUST552,Female,49,Electronics,3,25,75,2023,December
553,CUST553,Male,24,Clothing,4,300,1200,2023,March
554,CUST554,Female,46,Beauty,3,50,150,2023,November
555,CUST555,Male,25,Beauty,1,300,300,2023,October
556,CUST556,Female,18,Electronics,1,50,50,2023,June
557,CUST557,Female,20,Beauty,3,30,90,2023,July
558,CUST558,Female,41,Clothing,1,25,25,2023,October
559,CUST559,Female,40,Clothing,4,300,1200,2023,January
560,CUST560,Female,25,Electronics,1,50,50,2023,June
561,CUST561,Female,64,Clothing,4,500,2000,2023,May
562,CUST562,Male,54,Electronics,2,25,50,2023,April
563,CUST563,Male,20,Clothing,2,30,60,2023,August
564,CUST564,Male,50,Electronics,2,50,100,2023,October
565,CUST565,Female,45,Beauty,2,30,60,2023,November
566,CUST566,Female,64,Clothing,1,30,30,2023,December
567,CUST567,Female,25,Clothing,3,300,900,2023,June
568,CUST568,Female,51,Electronics,1,300,300,2023,August
569,CUST569,Male,52,Electronics,4,50,200,2023,August
570,CUST570,Male,49,Clothing,1,500,500,2023,August
571,CUST571,Female,41,Electronics,1,50,50,2023,December
572,CUST572,Male,31,Clothing,4,500,2000,2023,April
573,CUST573,Male,49,Beauty,2,30,60,2023,September
574,CUST574,Female,63,Electronics,2,25,50,2023,August
575,CUST575,Male,60,Clothing,2,50,100,2023,March
576,CUST576,Female,33,Beauty,3,50,150,2023,December
577,CUST577,Male,21,Beauty,4,500,2000,2023,February
578,CUST578,Female,54,Clothing,4,30,120,2023,May
579,CUST579,Female,38,Electronics,1,30,30,2023,September
580,CUST580,Female,31,Clothing,3,500,1500,2023,December
581,CUST581,Female,48,Beauty,2,30,60,2023,November
582,CUST582,Male,35,Clothing,3,300,900,2023,November
583,CUST583,Female,24,Electronics,4,25,100,2023,June
584,CUST584,Female,27,Beauty,4,50,200,2023,February
585,CUST585,Female,24,Clothing,1,25,25,2023,May
586,CUST586,Male,50,Electronics,1,50,50,2023,December
587,CUST587,Female,40,Beauty,4,300,1200,2023,June
588,CUST588,Male,38,Electronics,2,30,60,2023,April
589,CUST589,Female,36,Beauty,2,500,1000,2023,April
590,CUST590,Male,36,Clothing,3,300,900,2023,March
591,CUST591,Male,53,Electronics,4,25,100,2023,January
592,CUST592,Female,46,Beauty,4,500,2000,2023,January
593,CUST593,Male,35,Electronics,2,30,60,2023,May
594,CUST594,Female,19,Electronics,2,300,600,2023,September
595,CUST595,Female,18,Clothing,4,500,2000,2023,November
596,CUST596,Female,64,Electronics,1,300,300,2023,February
597,CUST597,Male,22,Beauty,4,300,1200,2023,August
598,CUST598,Male,37,Beauty,4,30,120,2023,August
599,CUST599,Female,28,Beauty,2,50,100,2023,November
600,CUST600,Female,59,Beauty,2,500,1000,2023,October
601,CUST601,Male,19,Clothing,1,30,30,2023,April
602,CUST602,Female,20,Electronics,1,300,300,2023,December
603,CUST603,Female,40,Clothing,3,30,90,2023,July
604,CUST604,Female,29,Electronics,4,50,200,2023,September
605,CUST605,Male,37,Electronics,2,500,1000,2023,July
606,CUST606,Male,22,Electronics,1,50,50,2023,May
607,CUST607,Male,54,Clothing,3,25,75,2023,March
608,CUST608,Female,55,Electronics,3,500,1500,2023,December
609,CUST609,Female,47,Clothing,2,50,100,2023,December
610,CUST610,Female,26,Beauty,2,300,600,2023,January
611,CUST611,Male,51,Beauty,3,500,1500,2023,February
612,CUST612,Female,61,Electronics,1,500,500,2023,August
613,CUST613,Female,52,Clothing,3,30,90,2023,April
614,CUST614,Female,39,Beauty,4,300,1200,2023,April
615,CUST615,Female,61,Clothing,4,25,100,2023,December
616,CUST616,Male,41,Clothing,2,50,100,2023,September
617,CUST617,Male,34,Electronics,1,30,30,2023,August
618,CUST618,Female,27,Beauty,1,50,50,2023,January
619,CUST619,Male,47,Electronics,4,25,100,2023,October
620,CUST620,Male,63,Electronics,3,25,75,2023,May
621,CUST621,Female,40,Beauty,2,500,1000,2023,March
622,CUST622,Female,49,Beauty,3,25,75,2023,August
623,CUST623,Male,34,Clothing,3,50,150,2023,March
624,CUST624,Female,34,Beauty,3,300,900,2023,August
625,CUST625,Male,31,Clothing,1,300,300,2023,December
626,CUST626,Female,26,Clothing,4,500,2000,2023,September
627,CUST627,Male,57,Clothing,1,50,50,2023,October
628,CUST628,Female,19,Beauty,4,50,200,2023,November
629,CUST629,Male,62,Electronics,2,25,50,2023,June
630,CUST630,Male,42,Clothing,2,50,100,2023,August
631,CUST631,Male,56,Electronics,3,30,90,2023,November
632,CUST632,Female,26,Electronics,4,25,100,2023,September
633,CUST633,Male,39,Beauty,4,30,120,2023,August
634,CUST634,Male,60,Electronics,4,500,2000,2023,October
635,CUST635,Female,63,Electronics,3,300,900,2023,August
636,CUST636,Female,21,Beauty,3,500,1500,2023,March
637,CUST637,Male,43,Clothing,2,300,600,2023,September
638,CUST638,Male,46,Electronics,1,500,500,2023,August
639,CUST639,Female,62,Beauty,4,50,200,2023,May
640,CUST640,Female,51,Electronics,4,30,120,2023,May
641,CUST641,Female,40,Electronics,1,300,300,2023,November
642,CUST642,Female,54,Clothing,4,25,100,2023,May
643,CUST643,Female,28,Electronics,3,30,90,2023,September
644,CUST644,Male,23,Beauty,3,25,75,2023,September
645,CUST645,Female,35,Electronics,4,30,120,2023,November
646,CUST646,Male,38,Clothing,3,30,90,2023,May
647,CUST647,Male,59,Clothing,3,500,1500,2023,May
648,CUST648,Male,53,Beauty,4,300,1200,2023,August
649,CUST649,Female,58,Clothing,2,300,600,2023,February
650,CUST650,Male,55,Electronics,1,30,30,2024,January
651,CUST651,Male,51,Clothing,3,50,150,2023,May
652,CUST652,Female,34,Beauty,2,50,100,2023,May
653,CUST653,Male,54,Clothing,3,25,75,2023,May
654,CUST654,Male,42,Clothing,3,25,75,2023,June
655,CUST655,Female,55,Clothing,1,500,500,2023,June
656,CUST656,Male,29,Beauty,3,30,90,2023,October
657,CUST657,Male,40,Clothing,1,25,25,2023,February
658,CUST658,Male,59,Clothing,1,25,25,2023,March
659,CUST659,Female,39,Electronics,1,30,30,2023,March
660,CUST660,Female,38,Beauty,2,500,1000,2023,April
661,CUST661,Female,44,Clothing,4,25,100,2023,July
662,CUST662,Male,48,Beauty,2,500,1000,2023,December
663,CUST663,Male,23,Clothing,4,300,1200,2023,March
664,CUST664,Female,44,Clothing,4,500,2000,2023,December
665,CUST665,Male,57,Clothing,1,50,50,2023,April
666,CUST666,Male,51,Electronics,3,50,150,2023,February
667,CUST667,Female,29,Electronics,1,500,500,2023,August
668,CUST668,Female,62,Electronics,3,50,150,2023,July
669,CUST669,Male,24,Beauty,4,300,1200,2023,June
670,CUST670,Male,27,Beauty,1,30,30,2023,October
671,CUST671,Male,62,Electronics,3,50,150,2023,August
672,CUST672,Female,34,Beauty,2,50,100,2023,August
673,CUST673,Female,43,Clothing,3,500,1500,2023,February
674,CUST674,Female,38,Clothing,1,300,300,2023,April
675,CUST675,Female,45,Clothing,2,30,60,2023,August
676,CUST676,Male,63,Electronics,3,500,1500,2023,July
677,CUST677,Female,19,Beauty,3,500,1500,2023,October
678,CUST678,Female,60,Electronics,3,300,900,2023,December
679,CUST679,Female,18,Beauty,3,30,90,2023,January
680,CUST680,Female,53,Clothing,3,300,900,2023,October
681,CUST681,Female,43,Electronics,2,30,60,2023,July
682,CUST682,Male,46,Beauty,4,300,1200,2023,September
683,CUST683,Male,38,Beauty,2,500,1000,2023,January
684,CUST684,Female,28,Clothing,2,500,1000,2023,June
685,CUST685,Male,57,Electronics,2,25,50,2023,June
686,CUST686,Female,28,Electronics,4,50,200,2023,July
687,CUST687,Female,53,Electronics,1,300,300,2023,August
688,CUST688,Male,56,Clothing,4,25,100,2023,October
689,CUST689,Male,57,Electronics,2,50,100,2023,October
690,CUST690,Female,52,Clothing,3,300,900,2023,November
691,CUST691,Female,51,Clothing,3,30,90,2023,April
692,CUST692,Female,64,Clothing,2,50,100,2023,September
693,CUST693,Male,41,Beauty,3,500,1500,2023,April
694,CUST694,Female,39,Electronics,2,25,50,2023,May
695,CUST695,Female,22,Electronics,3,50,150,2023,August
696,CUST696,Female,50,Clothing,4,50,200,2023,September
697,CUST697,Male,53,Clothing,1,500,500,2023,January
698,CUST698,Female,64,Electronics,1,300,300,2023,July
699,CUST699,Female,37,Clothing,4,30,120,2023,June
700,CUST700,Male,36,Electronics,4,500,2000,2023,December
701,CUST701,Female,52,Beauty,2,30,60,2023,December
702,CUST702,Female,60,Clothing,2,300,600,2023,July
703,CUST703,Male,34,Electronics,2,50,100,2023,March
704,CUST704,Female,62,Clothing,3,30,90,2023,August
705,CUST705,Male,60,Electronics,2,25,50,2023,March
706,CUST706,Male,51,Electronics,4,25,100,2023,November
707,CUST707,Female,26,Clothing,1,500,500,2023,October
708,CUST708,Female,43,Beauty,3,300,900,2023,January
709,CUST709,Female,19,Electronics,2,500,1000,2023,July
710,CUST710,Female,26,Electronics,3,500,1500,2023,October
711,CUST711,Male,26,Electronics,3,500,1500,2023,October
712,CUST712,Female,57,Beauty,2,25,50,2023,December
713,CUST713,Male,34,Beauty,3,25,75,2023,January
714,CUST714,Female,18,Clothing,1,500,500,2023,February
715,CUST715,Female,42,Beauty,4,25,100,2023,November
716,CUST716,Female,60,Clothing,4,300,1200,2023,August
717,CUST717,Male,57,Clothing,1,500,500,2023,March
718,CUST718,Female,59,Beauty,3,25,75,2023,August
719,CUST719,Female,42,Clothing,2,30,60,2023,April
720,CUST720,Female,56,Beauty,3,500,1500,2023,January
721,CUST721,Female,52,Clothing,1,500,500,2023,May
722,CUST722,Male,20,Beauty,3,300,900,2023,July
723,CUST723,Female,54,Beauty,4,50,200,2023,June
724,CUST724,Male,61,Clothing,3,50,150,2023,April
725,CUST725,Male,61,Electronics,1,300,300,2023,August
726,CUST726,Male,47,Clothing,4,300,1200,2023,June
727,CUST727,Male,55,Beauty,3,300,900,2023,June
728,CUST728,Male,51,Electronics,3,50,150,2023,July
729,CUST729,Male,29,Clothing,4,300,1200,2023,May
730,CUST730,Female,36,Clothing,2,25,50,2023,August
731,CUST731,Male,54,Clothing,4,500,2000,2023,May
732,CUST732,Male,61,Electronics,2,500,1000,2023,February
733,CUST733,Male,34,Beauty,1,30,30,2023,August
734,CUST734,Female,27,Clothing,1,30,30,2023,January
735,CUST735,Female,64,Clothing,4,500,2000,2023,October
736,CUST736,Male,29,Clothing,4,25,100,2023,January
737,CUST737,Female,33,Clothing,1,50,50,2023,June
738,CUST738,Male,41,Clothing,2,50,100,2023,April
739,CUST739,Male,36,Beauty,1,25,25,2023,November
740,CUST740,Female,25,Beauty,4,50,200,2023,February
741,CUST741,Male,48,Clothing,1,300,300,2023,November
742,CUST742,Female,38,Electronics,4,500,2000,2023,January
743,CUST743,Female,34,Beauty,4,500,2000,2023,January
744,CUST744,Male,40,Electronics,1,25,25,2023,May
745,CUST745,Male,54,Beauty,2,50,100,2023,April
746,CUST746,Female,33,Clothing,3,30,90,2023,January
747,CUST747,Male,23,Beauty,1,30,30,2023,November
748,CUST748,Male,25,Clothing,3,50,150,2023,March
749,CUST749,Male,42,Beauty,1,30,30,2023,May
750,CUST750,Female,35,Clothing,3,25,75,2023,March
751,CUST751,Female,42,Clothing,2,25,50,2023,August
752,CUST752,Male,29,Clothing,2,50,100,2023,December
753,CUST753,Female,32,Clothing,1,30,30,2023,February
754,CUST754,Female,43,Electronics,4,25,100,2023,October
755,CUST755,Female,58,Clothing,3,25,75,2023,April
756,CUST756,Female,62,Electronics,4,300,1200,2023,August
757,CUST757,Female,43,Electronics,4,300,1200,2023,December
758,CUST758,Male,64,Clothing,4,25,100,2023,May
759,CUST759,Male,49,Electronics,2,50,100,2023,July
760,CUST760,Male,27,Beauty,1,500,500,2023,March
761,CUST761,Female,33,Clothing,1,500,500,2023,November
762,CUST762,Female,24,Electronics,2,25,50,2023,November
763,CUST763,Male,34,Clothing,2,25,50,2023,February
764,CUST764,Female,40,Clothing,1,25,25,2023,March
765,CUST765,Male,43,Clothing,4,50,200,2023,June
766,CUST766,Male,38,Electronics,3,300,900,2023,February
767,CUST767,Male,39,Beauty,3,25,75,2023,October
768,CUST768,Female,24,Beauty,3,25,75,2023,January
769,CUST769,Female,31,Electronics,4,30,120,2023,June
770,CUST770,Male,32,Clothing,1,50,50,2023,October
771,CUST771,Male,24,Electronics,2,25,50,2023,December
772,CUST772,Male,26,Electronics,1,30,30,2023,July
773,CUST773,Male,25,Electronics,4,500,2000,2023,July
774,CUST774,Female,40,Clothing,2,25,50,2023,April
775,CUST775,Female,46,Electronics,4,25,100,2023,February
776,CUST776,Male,35,Clothing,3,30,90,2023,October
777,CUST777,Male,48,Electronics,3,50,150,2023,December
778,CUST778,Female,47,Beauty,4,25,100,2023,November
779,CUST779,Female,56,Electronics,2,500,1000,2023,May
780,CUST780,Male,52,Electronics,2,25,50,2023,February
781,CUST781,Male,35,Beauty,1,500,500,2023,December
782,CUST782,Male,59,Clothing,3,300,900,2023,June
783,CUST783,Female,56,Clothing,1,300,300,2023,December
784,CUST784,Female,34,Electronics,1,500,500,2023,November
785,CUST785,Female,31,Beauty,4,50,200,2023,March
786,CUST786,Male,48,Clothing,4,25,100,2023,October
787,CUST787,Male,41,Electronics,1,25,25,2023,January
788,CUST788,Female,52,Beauty,3,300,900,2023,June
789,CUST789,Female,61,Clothing,4,500,2000,2023,September
790,CUST790,Male,62,Clothing,1,25,25,2023,August
791,CUST791,Female,51,Beauty,1,25,25,2023,December
792,CUST792,Female,20,Beauty,1,50,50,2023,July
793,CUST793,Male,54,Beauty,1,30,30,2023,February
794,CUST794,Female,60,Beauty,1,300,300,2023,September
795,CUST795,Male,57,Electronics,1,300,300,2023,November
796,CUST796,Male,43,Beauty,4,30,120,2023,June
797,CUST797,Male,40,Clothing,3,25,75,2023,January
798,CUST798,Male,61,Clothing,1,50,50,2023,August
799,CUST799,Male,56,Electronics,2,50,100,2023,September
800,CUST800,Male,32,Clothing,4,300,1200,2023,February
801,CUST801,Male,21,Clothing,4,50,200,2023,August
802,CUST802,Female,46,Beauty,1,30,30,2023,July
803,CUST803,Male,39,Clothing,4,25,100,2023,November
804,CUST804,Male,42,Electronics,1,30,30,2023,August
805,CUST805,Female,30,Beauty,3,500,1500,2023,December
806,CUST806,Female,35,Beauty,3,300,900,2023,March
807,CUST807,Female,50,Electronics,4,50,200,2023,August
808,CUST808,Male,33,Beauty,4,500,2000,2023,April
809,CUST809,Female,62,Beauty,2,50,100,2023,September
810,CUST810,Male,59,Electronics,4,25,100,2023,November
811,CUST811,Male,61,Beauty,2,25,50,2023,May
812,CUST812,Male,19,Electronics,3,25,75,2023,November
813,CUST813,Male,52,Electronics,3,50,150,2023,October
814,CUST814,Female,59,Clothing,1,500,500,2023,September
815,CUST815,Female,51,Clothing,3,25,75,2023,August
816,CUST816,Male,47,Beauty,2,500,1000,2023,August
817,CUST817,Male,30,Beauty,4,50,200,2023,October
818,CUST818,Male,30,Electronics,1,500,500,2023,May
819,CUST819,Female,35,Beauty,2,50,100,2023,June
820,CUST820,Male,49,Electronics,4,50,200,2023,May
821,CUST821,Male,49,Electronics,1,300,300,2023,February
822,CUST822,Female,52,Beauty,3,50,150,2023,May
823,CUST823,Female,56,Electronics,2,50,100,2023,August
824,CUST824,Male,63,Clothing,4,30,120,2023,May
825,CUST825,Female,46,Beauty,1,25,25,2023,August
826,CUST826,Female,46,Clothing,1,300,300,2023,October
827,CUST827,Male,61,Beauty,3,300,900,2023,November
828,CUST828,Female,33,Electronics,4,300,1200,2023,December
829,CUST829,Male,61,Beauty,3,30,90,2023,July
830,CUST830,Female,64,Clothing,3,50,150,2023,June
831,CUST831,Male,27,Electronics,4,25,100,2023,January
832,CUST832,Male,47,Beauty,4,500,2000,2023,September
833,CUST833,Male,42,Beauty,4,50,200,2023,June
834,CUST834,Female,56,Beauty,2,30,60,2023,April
835,CUST835,Male,37,Clothing,4,50,200,2023,September
836,CUST836,Female,22,Clothing,1,50,50,2023,April
837,CUST837,Male,18,Beauty,3,30,90,2023,July
838,CUST838,Male,47,Electronics,2,300,600,2023,May
839,CUST839,Female,20,Electronics,4,300,1200,2023,June
840,CUST840,Male,62,Clothing,2,25,50,2023,May
841,CUST841,Male,31,Electronics,4,25,100,2023,November
842,CUST842,Female,47,Clothing,2,300,600,2023,December
843,CUST843,Male,21,Beauty,3,500,1500,2023,May
844,CUST844,Male,35,Clothing,3,50,150,2023,October
845,CUST845,Male,54,Clothing,1,500,500,2023,January
846,CUST846,Male,42,Beauty,1,50,50,2023,September
847,CUST847,Female,18,Electronics,4,300,1200,2023,April
848,CUST848,Female,63,Clothing,3,25,75,2023,February
849,CUST849,Male,32,Clothing,2,25,50,2023,May
850,CUST850,Female,26,Beauty,2,500,1000,2023,July
851,CUST851,Male,32,Electronics,2,25,50,2023,September
852,CUST852,Female,41,Clothing,1,300,300,2023,October
853,CUST853,Male,21,Beauty,2,500,1000,2023,May
854,CUST854,Male,29,Clothing,1,50,50,2023,December
855,CUST855,Male,54,Beauty,1,25,25,2023,September
856,CUST856,Male,54,Electronics,4,30,120,2023,November
857,CUST857,Male,60,Electronics,2,25,50,2023,December
858,CUST858,Male,23,Electronics,2,50,100,2023,September
859,CUST859,Female,56,Electronics,3,500,1500,2023,August
860,CUST860,Male,63,Clothing,4,50,200,2023,January
861,CUST861,Female,41,Clothing,3,30,90,2023,February
862,CUST862,Male,28,Electronics,4,300,1200,2023,May
863,CUST863,Female,30,Electronics,2,25,50,2023,April
864,CUST864,Female,51,Electronics,1,500,500,2023,July
865,CUST865,Female,42,Clothing,1,300,300,2023,December
866,CUST866,Male,24,Electronics,1,50,50,2023,May
867,CUST867,Male,21,Electronics,1,500,500,2023,June
868,CUST868,Female,25,Electronics,1,300,300,2023,December
869,CUST869,Male,37,Beauty,3,500,1500,2023,October
870,CUST870,Female,46,Electronics,4,30,120,2023,July
871,CUST871,Male,62,Beauty,2,30,60,2023,August
872,CUST872,Female,63,Beauty,3,25,75,2023,October
873,CUST873,Female,27,Electronics,4,25,100,2023,September
874,CUST874,Male,60,Beauty,1,30,30,2023,June
875,CUST875,Female,51,Electronics,4,500,2000,2023,August
876,CUST876,Male,43,Clothing,4,30,120,2023,October
877,CUST877,Female,58,Clothing,1,25,25,2023,June
878,CUST878,Female,20,Clothing,1,30,30,2023,June
879,CUST879,Male,23,Clothing,1,30,30,2023,December
880,CUST880,Male,22,Beauty,2,500,1000,2023,August
881,CUST881,Male,22,Electronics,1,300,300,2023,May
882,CUST882,Female,64,Electronics,2,25,50,2023,June
883,CUST883,Male,40,Electronics,1,500,500,2023,May
884,CUST884,Female,26,Clothing,2,30,60,2023,April
885,CUST885,Female,52,Clothing,4,30,120,2023,March
886,CUST886,Male,37,Electronics,3,300,900,2023,April
887,CUST887,Male,59,Clothing,4,25,100,2023,June
888,CUST888,Female,52,Electronics,4,25,100,2023,March
889,CUST889,Female,35,Electronics,1,50,50,2023,October
890,CUST890,Male,34,Electronics,2,25,50,2023,December
891,CUST891,Male,41,Electronics,3,300,900,2023,April
892,CUST892,Male,20,Electronics,1,50,50,2023,April
893,CUST893,Male,49,Electronics,1,50,50,2023,April
894,CUST894,Male,52,Electronics,1,30,30,2023,September
895,CUST895,Female,55,Clothing,4,30,120,2023,May
896,CUST896,Female,30,Electronics,2,25,50,2023,October
897,CUST897,Female,64,Electronics,2,50,100,2023,September
898,CUST898,Female,42,Clothing,3,30,90,2023,November
899,CUST899,Male,26,Clothing,2,300,600,2023,May
900,CUST900,Male,21,Clothing,2,30,60,2023,February
901,CUST901,Male,31,Electronics,1,30,30,2023,April
902,CUST902,Female,54,Beauty,1,50,50,2023,June
903,CUST903,Female,51,Beauty,4,50,200,2023,April
904,CUST904,Male,28,Clothing,1,500,500,2023,July
905,CUST905,Male,58,Beauty,1,300,300,2023,April
906,CUST906,Female,20,Clothing,1,50,50,2023,June
907,CUST907,Female,45,Electronics,1,25,25,2023,January
908,CUST908,Male,46,Beauty,4,300,1200,2023,December
909,CUST909,Male,26,Electronics,1,300,300,2023,October
910,CUST910,Female,20,Beauty,3,50,150,2023,March
911,CUST911,Male,42,Electronics,3,300,900,2023,May
912,CUST912,Male,51,Beauty,3,50,150,2023,January
913,CUST913,Male,29,Electronics,3,30,90,2023,January
914,CUST914,Female,59,Electronics,1,500,500,2023,October
915,CUST915,Female,26,Beauty,3,30,90,2023,May
916,CUST916,Female,32,Electronics,1,50,50,2023,December
917,CUST917,Female,57,Electronics,4,50,200,2023,March
918,CUST918,Female,42,Electronics,3,30,90,2023,November
919,CUST919,Female,22,Beauty,2,25,50,2023,September
920,CUST920,Female,28,Beauty,3,25,75,2023,February
921,CUST921,Male,51,Electronics,3,25,75,2023,January
922,CUST922,Male,41,Electronics,1,50,50,2023,October
923,CUST923,Male,32,Beauty,3,300,900,2023,May
924,CUST924,Male,55,Beauty,2,50,100,2023,August
925,CUST925,Male,25,Electronics,1,300,300,2023,September
926,CUST926,Male,22,Electronics,1,30,30,2023,August
927,CUST927,Male,43,Electronics,4,500,2000,2023,June
928,CUST928,Female,35,Clothing,4,300,1200,2023,April
929,CUST929,Female,23,Beauty,3,25,75,2023,January
930,CUST930,Male,54,Clothing,4,50,200,2023,May
931,CUST931,Male,30,Beauty,4,30,120,2023,September
932,CUST932,Female,45,Beauty,4,25,100,2023,February
933,CUST933,Male,22,Beauty,1,30,30,2023,February
934,CUST934,Male,30,Beauty,1,500,500,2023,July
935,CUST935,Female,34,Beauty,1,50,50,2023,September
936,CUST936,Male,57,Beauty,4,50,200,2023,February
937,CUST937,Female,62,Beauty,1,500,500,2023,October
938,CUST938,Male,49,Clothing,4,50,200,2023,November
939,CUST939,Female,46,Electronics,1,300,300,2023,December
940,CUST940,Female,20,Electronics,1,30,30,2023,January
941,CUST941,Female,57,Clothing,2,25,50,2023,March
942,CUST942,Male,51,Clothing,3,500,1500,2023,March
943,CUST943,Female,57,Clothing,4,300,1200,2023,October
944,CUST944,Male,44,Clothing,2,25,50,2023,June
945,CUST945,Male,30,Beauty,1,25,25,2023,February
946,CUST946,Male,62,Electronics,4,500,2000,2023,May
947,CUST947,Male,50,Beauty,1,300,300,2023,March
948,CUST948,Female,23,Electronics,3,25,75,2023,October
949,CUST949,Female,41,Electronics,2,25,50,2023,August
950,CUST950,Male,36,Clothing,3,300,900,2023,November
951,CUST951,Male,33,Beauty,2,50,100,2023,November
952,CUST952,Female,57,Clothing,1,25,25,2023,November
953,CUST953,Male,45,Beauty,3,30,90,2023,April
954,CUST954,Female,50,Electronics,3,300,900,2023,September
955,CUST955,Male,58,Clothing,1,25,25,2023,July
956,CUST956,Male,30,Clothing,3,500,1500,2023,August
957,CUST957,Female,60,Electronics,4,30,120,2023,August
958,CUST958,Male,62,Electronics,2,25,50,2023,June
959,CUST959,Female,42,Electronics,2,30,60,2023,October
960,CUST960,Male,59,Clothing,2,30,60,2023,August
961,CUST961,Male,53,Beauty,4,50,200,2023,June
962,CUST962,Male,44,Clothing,2,30,60,2023,October
963,CUST963,Female,55,Beauty,1,50,50,2023,November
964,CUST964,Male,24,Clothing,3,300,900,2023,January
965,CUST965,Male,22,Clothing,4,50,200,2023,November
966,CUST966,Male,60,Electronics,2,500,1000,2023,February
967,CUST967,Male,62,Beauty,1,25,25,2023,April
968,CUST968,Female,48,Clothing,3,300,900,2023,November
969,CUST969,Female,40,Clothing,3,300,900,2023,April
970,CUST970,Male,59,Electronics,4,500,2000,2023,May
971,CUST971,Female,27,Electronics,4,50,200,2023,December
972,CUST972,Male,49,Beauty,4,25,100,2023,February
973,CUST973,Male,60,Clothing,1,50,50,2023,March
974,CUST974,Male,47,Beauty,1,30,30,2023,May
975,CUST975,Female,56,Clothing,4,50,200,2023,March
976,CUST976,Female,48,Beauty,2,300,600,2023,October
977,CUST977,Female,35,Electronics,3,25,75,2023,February
978,CUST978,Female,53,Clothing,3,50,150,2023,March
979,CUST979,Female,19,Beauty,1,25,25,2023,January
980,CUST980,Female,31,Electronics,3,25,75,2023,July
981,CUST981,Female,30,Electronics,2,30,60,2023,August
982,CUST982,Female,46,Beauty,3,30,90,2023,December
983,CUST983,Female,29,Clothing,1,300,300,2023,November
984,CUST984,Male,56,Clothing,1,500,500,2023,August
985,CUST985,Female,19,Electronics,2,25,50,2023,May
986,CUST986,Female,49,Clothing,2,500,1000,2023,January
987,CUST987,Female,30,Clothing,3,300,900,2023,April
988,CUST988,Female,63,Clothing,3,25,75,2023,May
989,CUST989,Female,44,Electronics,1,25,25,2023,December
990,CUST990,Female,58,Beauty,2,500,1000,2023,May
991,CUST991,Female,34,Clothing,2,50,100,2023,December
992,CUST992,Female,57,Electronics,2,30,60,2023,August
993,CUST993,Female,48,Electronics,3,50,150,2023,February
994,CUST994,Female,51,Beauty,2,500,1000,2023,December
995,CUST995,Female,41,Clothing,1,30,30,2023,April
996,CUST996,Male,62,Clothing,1,50,50,2023,May
997,CUST997,Male,52,Beauty,3,30,90,2023,November
998,CUST998,Female,23,Beauty,4,25,100,2023,October
999,CUST999,Female,36,Electronics,3,50,150,2023,December
1000,CUST1000,Male,47,Electronics,4,30,120,2023,April
